Sensor load, Sensor distance, Program load, Program distance
-111246.0,153,123.22157519190905,152.59969177422462
-110860.0,151,122.79030255575043,150.67328067809672
-110626.0,150,122.52885748616202,149.71007513003275
-110784.0,152,122.70538877246531,151.63648622616066
-110998.0,152,122.94448810961025,151.63648622616066
-110888.0,150,122.82158658117126,149.71007513003275
-111430.0,151,123.42715593038882,150.67328067809672
-113996.0,149,126.29411340288375,148.74686958196878
-118818.0,152,131.6816694950001,151.63648622616066
-118976.0,153,131.85820078130337,152.59969177422462
-118454.0,153,131.27497716452928,152.59969177422462
-118260.0,154,131.05822355982778,153.56289732228856
-119322.0,151,132.2447819525751,150.67328067809672
-120820.0,154,133.9184773125897,153.56289732228856
-123106.0,151,136.47259453087628,150.67328067809672
-125704.0,154,139.37530517528074,153.56289732228856
-125558.0,153,139.21218132844353,152.59969177422462
-124936.0,154,138.51722904945217,153.56289732228856
-125082.0,152,138.68035289628938,151.63648622616066
-124816.0,153,138.38315465479147,152.59969177422462
-124914.0,151,138.49264874376436,150.67328067809672
-124888.0,152,138.46359929158788,151.63648622616066
-124934.0,151,138.51499447620782,150.67328067809672
-124944.0,151,138.52616734242955,150.67328067809672
-126070.0,151,139.78423207899593,150.67328067809672
-128412.0,151,142.40091734812418,150.67328067809672
-130518.0,152,144.7539229744197,151.63648622616066
-132940.0,154,147.4599911733218,153.56289732228856
-132570.0,155,147.04659512311792,154.52610287035253
-132168.0,154,146.59744590100453,153.56289732228856
-132474.0,153,146.93933560738935,152.59969177422462
-132000.0,155,146.40974174847952,154.52610287035253
-132174.0,153,146.60414962073756,152.59969177422462
-132152.0,155,146.57956931504978,154.52610287035253
-134258.0,151,148.9325749413453,150.67328067809672
-136896.0,157,151.87997705063668,156.45251396648044
-138990.0,153,154.21957523746613,152.59969177422462
-141072.0,154,156.5457659848295,153.56289732228856
-140354.0,155,155.7435541901096,154.52610287035253
-140256.0,155,155.63406010113664,154.52610287035253
-140110.0,155,155.47093625429946,154.52610287035253
-139984.0,154,155.3301581399057,153.56289732228856
-139898.0,154,155.23407149039886,153.56289732228856
-139672.0,155,154.98156471378783,154.52610287035253
-143486.0,156,159.2428958907542,155.4893084184165
-147128.0,155,163.31205376870687,154.52610287035253
-150198.0,156,166.74212369877682,155.4893084184165
-149444.0,156,165.89968958565865,155.4893084184165
-149206.0,152,165.63377536958154,151.63648622616066
-148940.0,154,165.33657712808363,153.56289732228856
-149002.0,156,165.40584889865835,155.4893084184165
-154848.0,161,171.93750649187947,160.30533615873628
-159002.0,157,176.57871512038452,156.45251396648044
-160788.0,159,178.5741890275848,158.37892506260837
-164050.0,158,182.21877798911189,157.4157195145444
-166892.0,157,185.39410656932645,156.45251396648044
-169486.0,159,188.29234806724222,158.37892506260837
-171424.0,161,190.45764954101273,160.30533615873628
-170514.0,161,189.44091871483565,160.30533615873628
-170136.0,159,189.0185843716544,158.37892506260837
-170054.0,157,188.92696686863624,156.45251396648044
-169844.0,160,188.69233667798002,159.3421306106723
-169614.0,159,188.43536075488032,158.37892506260837
-169560.0,159,188.37502727728298,158.37892506260837
-169410.0,158,188.2074342839571,157.4157195145444
-169448.0,159,188.24989117559966,158.37892506260837
-169202.0,156,187.97503866654517,155.4893084184165
-169220.0,158,187.9951498257443,157.4157195145444
-169186.0,160,187.95716208059042,159.3421306106723
-169160.0,160,187.92811262841394,159.3421306106723
-169286.0,161,188.06889074280767,160.30533615873628
-171476.0,158,190.51574844536572,157.4157195145444
-178410.0,160,198.26301388351064,159.3421306106723
-181772.0,160,202.01933150725498,159.3421306106723
-183722.0,161,204.19804042049157,160.30533615873628
-185868.0,162,206.595737511674,161.26854170680022
-188078.0,165,209.0649409466755,164.1581583509921
-189844.0,162,211.0380691214323,161.26854170680022
-190086.0,164,211.30845248399808,163.19495280292816
-191068.0,162,212.4056279469716,161.26854170680022
-192446.0,161,213.94524891232547,160.30533615873628
-195964.0,164,217.8758632491287,163.19495280292816
-197718.0,162,219.8355839844195,161.26854170680022
-199756.0,167,222.11261412040727,166.08456944712
-201342.0,161,223.88463070317306,160.30533615873628
-202964.0,168,225.69686960433705,167.04777499518397
-203798.0,166,226.62868664722902,165.12136389905606
-207156.0,165,230.38053512448465,164.1581583509921
-210338.0,165,233.93574115623792,164.1581583509921
-213720.0,165,237.71440451242572,164.1581583509921
-212582.0,163,236.44293233639326,162.2317472548642
-215544.0,167,239.75233531126855,166.08456944712
-220950.0,166,245.7923867907337,165.12136389905606
-224348.0,165,249.58892673287625,164.1581583509921
-224570.0,166,249.83696436299854,165.12136389905606
-227904.0,165,253.56199796132205,164.1581583509921
-230026.0,164,255.93288017357236,163.19495280292816
-233944.0,173,260.31040915924467,171.86380273550375
-233358.0,167,259.6556791986515,166.08456944712
-236184.0,167,262.8131311929113,166.08456944712
-239334.0,167,266.33258405275507,166.08456944712
-243372.0,167,270.84418743308805,166.08456944712
-245246.0,170,272.93798256303955,168.97418609131188
-244696.0,167,272.3234749208446,166.08456944712
-247818.0,171,275.81164375526754,169.93739163937585
-250624.0,169,278.9467500170839,168.01098054324794
-254262.0,171,283.0114387485479,169.93739163937585
-257836.0,172,287.0046211361928,170.90059718743979
-262962.0,168,292.7318323614496,167.04777499518397
-265712.0,170,295.8043705724243,168.97418609131188
-267838.0,173,298.17972193116333,171.86380273550375
-273076.0,171,304.0320692581035,169.93739163937585
-274802.0,173,305.9605059679734,171.86380273550375
-274748.0,170,305.90017249037606,168.97418609131188
-273426.0,170,304.4231195758639,168.97418609131188
-272908.0,178,303.8443651055785,176.67983047582354
-275606.0,179,306.8588044122002,177.6430360238875
-282500.0,175,314.56137838545817,173.79021383163166
-285026.0,175,317.3836443930662,173.79021383163166
-286484.0,174,319.0126482881939,172.82700828356772
-292234.0,176,325.4370463656864,174.75341937969563
-296504.0,176,330.2078602423635,174.75341937969563
-301922.0,176,336.2613191612947,174.75341937969563
-305724.0,175,340.50924289879504,173.79021383163166
-307898.0,177,342.93822401539825,175.7166249277596
-313132.0,175,348.78610219584976,173.79021383163166
-317270.0,179,353.4094342384,177.6430360238875
-321064.0,179,357.64841968292296,177.6430360238875
-324602.0,179,361.6013797521697,177.6430360238875
-322796.0,183,359.5835601125259,181.49585821614332
-328230.0,176,365.65489561741185,174.75341937969563
-333980.0,180,372.07929369490444,178.60624157195144
-331282.0,179,369.0648543882827,177.6430360238875
-329568.0,183,367.1498251178789,181.49585821614332
-336890.0,181,375.3305977654268,179.5694471200154
-346628.0,185,386.2107348921437,183.42226931227123
-343506.0,181,382.7225660577208,179.5694471200154
-343944.0,183,383.2119375982324,181.49585821614332
-348682.0,182,388.5056416140862,180.53265266807938
-354192.0,180,394.66189090225737,178.60624157195144
-362202.0,184,403.61135674586,182.4590637642073
-359800.0,183,400.9276342794014,181.49585821614332
-358698.0,184,399.69638442176716,182.4590637642073
-357584.0,184,398.4517271246669,182.4590637642073
-357166.0,185,397.9847013165987,183.42226931227123
-356688.0,185,397.45063831120024,183.42226931227123
-356294.0,186,397.01042738206417,184.3854748603352
-356052.0,183,396.7400440194984,181.49585821614332
-355738.0,185,396.3892160201362,183.42226931227123
-355436.0,183,396.0517954602401,181.49585821614332
-355298.0,184,395.89760990638024,182.4590637642073
-355224.0,183,395.8149306963395,181.49585821614332
-354982.0,182,395.5445473337737,180.53265266807938
-354860.0,180,395.40823836586867,178.60624157195144
-354622.0,184,395.1423241497916,182.4590637642073
-354476.0,185,394.9792003029544,183.42226931227123
-354474.0,185,394.97696572971006,183.42226931227123
-354228.0,186,394.7021132206556,184.3854748603352
-354102.0,182,394.56133510626177,180.53265266807938
-353976.0,181,394.42055699186807,179.5694471200154
-353806.0,182,394.2306182660987,180.53265266807938
-354000.0,184,394.4473718708002,182.4590637642073
-354094.0,181,394.5523968132844,179.5694471200154
-353720.0,183,394.1345316165919,181.49585821614332
-353570.0,182,393.96693862326595,180.53265266807938
-353468.0,182,393.85297538780435,180.53265266807938
-353330.0,182,393.69878983394455,180.53265266807938
-353272.0,185,393.63398720985856,183.42226931227123
-353446.0,184,393.8283950821166,182.4590637642073
-353296.0,184,393.6608020887907,182.4590637642073
-353202.0,182,393.55577714630647,180.53265266807938
-353084.0,182,393.42393732489006,180.53265266807938
-352926.0,183,393.24740603858686,181.49585821614332
-352956.0,184,393.280924637252,182.4590637642073
-369154.0,186,411.37873334320403,184.3854748603352
-376648.0,185,419.7516792897656,183.42226931227123
-374470.0,187,417.31822902667363,185.34868040839916
-373408.0,188,416.1316706339263,186.3118859564631
-375866.0,185,418.87796115122666,183.42226931227123
-384088.0,186,428.06429175872984,184.3854748603352
-391734.0,187,436.6070652718617,185.34868040839916
-391360.0,186,436.18920007516914,184.3854748603352
-389522.0,184,434.1356272636159,182.4590637642073
-388996.0,185,433.54793450035305,183.42226931227123
-390486.0,188,435.21269156739027,186.3118859564631
-394708.0,185,439.92987568620305,183.42226931227123
-403934.0,188,450.2379620623676,186.3118859564631
-408392.0,190,455.2188258240131,188.23829705259104
-408770.0,187,455.64116016719436,185.34868040839916
-410220.0,186,457.26122576934466,184.3854748603352
-418470.0,190,466.4788404022687,188.23829705259104
-425636.0,191,474.4853163367577,189.20150260065498
-427914.0,190,477.03049526206695,188.23829705259104
-426372.0,192,475.3076392906768,190.16470814871894
-431662.0,195,481.2180855219699,193.05432479291082
-430548.0,187,479.9734282248696,185.34868040839916
-429614.0,188,478.9298825197604,186.3118859564631
-429068.0,188,478.3198440240541,186.3118859564631
-428382.0,188,477.5533854012437,186.3118859564631
-427908.0,189,477.02379154233387,187.27509150452707
-427698.0,191,476.78916135167765,189.20150260065498
-427336.0,188,476.3847035944512,186.3118859564631
-426458.0,188,475.40372594018356,186.3118859564631
-426624.0,189,475.5891955194642,187.27509150452707
-426746.0,193,475.7255044873693,191.12791369678288
-426300.0,191,475.22719465388036,189.20150260065498
-426062.0,187,474.9612804378033,185.34868040839916
-426328.0,188,475.25847867930116,186.3118859564631
-426174.0,189,475.08641653948655,187.27509150452707
-426024.0,189,474.9188235461607,187.27509150452707
-426186.0,187,475.09982397895266,185.34868040839916
-425968.0,190,474.85625549531903,188.23829705259104
-425934.0,188,474.8182677501651,186.3118859564631
-425620.0,187,474.4674397508029,185.34868040839916
-425570.0,190,474.4115754196943,188.23829705259104
-425140.0,191,473.93114217216004,189.20150260065498
-434626.0,194,484.5297230700895,192.09111924484685
-446520.0,191,497.81873015421064,189.20150260065498
-443798.0,192,494.77747596865674,190.16470814871894
-446880.0,189,498.22095333819277,187.27509150452707
-455646.0,194,508.01508786815793,192.09111924484685
-463148.0,191,516.3969721076968,189.20150260065498
-462014.0,187,515.1299690781531,185.34868040839916
-460624.0,191,513.5769406733332,189.20150260065498
-471870.0,192,526.1419460262864,190.16470814871894
-476160.0,194,530.9351056354069,192.09111924484685
-479302.0,193,534.4456202022733,191.12791369678288
-477600.0,195,532.5439983713355,193.05432479291082
-476638.0,194,531.4691686408054,192.09111924484685
-478988.0,193,534.0947922029111,191.12791369678288
-486442.0,192,542.4230466845858,190.16470814871894
-490200.0,193,546.6218098107105,191.12791369678288
-496246.0,195,553.3769247283661,193.05432479291082
-494188.0,197,551.0775488599348,194.98073588903873
-501710.0,192,559.4817788319173,190.16470814871894
-505560.0,193,563.7833323272819,191.12791369678288
-511266.0,195,570.1585697933988,193.05432479291082
-510536.0,197,569.3429505592128,194.98073588903873
-517306.0,197,576.9069809913213,194.98073588903873
-524832.0,200,585.3156801097925,197.8703525332306
-529390.0,193,590.4082725336552,191.12791369678288
-532752.0,195,594.1645901573995,193.05432479291082
-537238.0,197,599.1767379444659,194.98073588903873
-544900.0,199,607.7373880435524,196.90714698516663
-544782.0,198,607.6055482221361,195.94394143710267
-553368.0,197,617.1985711601102,194.98073588903873
-561106.0,200,625.8441350424819,197.8703525332306
-558996.0,200,623.4866602696976,197.8703525332306
-557606.0,200,621.9336318648777,197.8703525332306
-570296.0,202,636.1119991002482,199.7967636293585
-574842.0,202,641.1911840846449,199.7967636293585
-571048.0,199,636.952198640122,196.90714698516663
-569406.0,203,635.1176140065146,200.75996917742245
-566272.0,201,631.6160377326256,198.83355808129454
-573906.0,204,640.1454038062914,201.72317472548642
-580252.0,201,647.2357047105987,198.83355808129454
-587042.0,202,654.8220808751508,199.7967636293585
-585668.0,201,653.2869290562857,198.83355808129454
-584258.0,200,651.7115549190223,197.8703525332306
-582960.0,203,650.2613168834422,200.75996917742245
-581982.0,206,649.1686105669575,203.64958582161432
-589784.0,203,657.8856807931481,200.75996917742245
-595722.0,200,664.5201287556091,197.8703525332306
-601220.0,202,670.6629706043141,199.7967636293585
-599658.0,204,668.9177689004806,201.72317472548642
-597624.0,205,666.6452079109815,202.68638027355038
-597874.0,208,666.9245295665247,205.57599691774226
-609124.0,206,679.4940040659666,203.64958582161432
-612870.0,208,683.6793597526251,205.57599691774226
-614144.0,205,685.1027829092731,202.68638027355038
-611338.0,205,681.9676766474568,202.68638027355038
-610300.0,205,680.8079331336415,202.68638027355038
-621866.0,206,693.73047020569,203.64958582161432
-623588.0,203,695.6544377690713,200.75996917742245
-629270.0,207,702.0028603562561,204.6127913696783
-629444.0,207,702.1972682285141,204.6127913696783
-634470.0,206,707.8127507915536,203.64958582161432
-635376.0,208,708.825012471242,205.57599691774226
-636322.0,208,709.8819656158174,205.57599691774226
-644196.0,206,718.6794804788045,203.64958582161432
-640314.0,211,714.3421738115303,208.4656135619341
-643232.0,209,717.60241617503,206.5392024658062
-649742.0,211,724.8759520853738,208.4656135619341
-658652.0,209,734.8309758889319,206.5392024658062
-657874.0,209,733.9617268968816,206.5392024658062
-663360.0,210,740.0911613061205,207.50240801387017
-664654.0,210,741.5369301952119,207.50240801387017
-668800.0,213,746.1692005307395,210.39202465806204
-665414.0,213,742.386068028063,210.39202465806204
-670340.0,212,747.8898219288853,209.42881910999807
-674870.0,211,752.9511303273274,208.4656135619341
-680684.0,211,759.4470347486389,208.4656135619341
-679802.0,210,758.4615879478827,207.50240801387017
-678720.0,213,757.2526838226919,210.39202465806204
-688554.0,216,768.2400804651375,213.2816413022539
-689800.0,215,769.6322195963645,212.31843575418995
-695846.0,215,776.38733451402,212.31843575418995
-697016.0,216,777.694559861962,213.2816413022539
-703334.0,214,784.7535767408485,211.35523020612598
-708572.0,215,790.6059240677888,212.31843575418995
-712774.0,216,795.3007624541581,213.2816413022539
-712976.0,217,795.526454351837,214.24484685031786
-714398.0,216,797.1152359285664,213.2816413022539
-717876.0,216,801.0011588004828,213.2816413022539
-718238.0,215,801.4056165577093,212.31843575418995
-716520.0,216,799.4861181408168,213.2816413022539
-715078.0,218,797.8749908316438,215.20805239838182
-723272.0,219,807.0300374137263,216.17125794644576
-723838.0,216,807.662421641876,213.2816413022539
-729056.0,218,813.4924232363727,215.20805239838182
-727702.0,218,811.9796171499509,215.20805239838182
-730100.0,217,814.658870469921,214.24484685031786
-734786.0,215,819.8944755814217,212.31843575418995
-737104.0,217,822.4843459716179,214.24484685031786
-743638.0,220,829.7846967608938,217.13446349450973
-740808.0,217,826.6227756201453,214.24484685031786
-745202.0,219,831.5321330379718,216.17125794644576
-748192.0,219,834.8728200382678,216.17125794644576
-753754.0,222,841.0871682307919,219.06087459063764
-751444.0,222,838.5062361335732,219.06087459063764
-759126.0,221,847.0892319651033,218.09766904257367
-757360.0,225,845.1161037903463,221.9504912348295
-763434.0,223,851.9025027334228,220.0240801387016
-761964.0,223,850.2600913988291,220.0240801387016
-760126.0,223,848.2065185872758,220.0240801387016
-759140.0,223,847.1048739778136,220.0240801387016
-758082.0,223,845.922784731555,220.0240801387016
-757116.0,225,844.8434858545362,221.9504912348295
-756562.0,217,844.2245090658525,214.24484685031786
-755796.0,220,843.3686675132684,217.13446349450973
-755354.0,221,842.8748268262681,218.09766904257367
-755144.0,225,842.6401966356118,221.9504912348295
-754906.0,222,842.3742824195348,219.06087459063764
-754300.0,221,841.6972067264982,218.09766904257367
-754086.0,219,841.4581073893532,216.17125794644576
-753924.0,223,841.2771069565613,220.0240801387016
-753182.0,223,840.4480802829091,220.0240801387016
-753624.0,224,840.9419209699095,220.98728568676555
-753210.0,223,840.4793643083301,220.0240801387016
-752896.0,223,840.1285363089679,220.0240801387016
-752998.0,226,840.2424995444294,222.91369678289348
-752516.0,221,839.7039673925423,218.09766904257367
-766706.0,222,855.5582645611717,219.06087459063764
-774624.0,224,864.4049400355344,220.98728568676555
-769802.0,224,859.017383943418,220.98728568676555
-773496.0,221,863.1446407257237,218.09766904257367
-780354.0,221,870.8069923805834,218.09766904257367
-785972.0,222,877.0839086239492,219.06087459063764
-784274.0,223,875.1867559395001,220.0240801387016
-784220.0,222,875.1264224619028,219.06087459063764
-790262.0,224,881.8770682330698,220.98728568676555
-795568.0,224,887.8053910503177,220.98728568676555
-793310.0,230,885.2825578574519,226.7665189751493
-798580.0,226,891.1706583563016,222.91369678289348
-801834.0,226,894.8063090248513,222.91369678289348
-805312.0,224,898.6922318967677,220.98728568676555
-804354.0,226,897.6218713127263,222.91369678289348
-808468.0,225,902.2183884763444,221.9504912348295
-812518.0,229,906.7433992961436,225.80331342708533
-813964.0,226,908.3589957518051,222.91369678289348
-812170.0,227,906.3545835516275,223.87690233095742
-817972.0,233,912.8370805334729,229.65613561934117
-816550.0,234,911.2482989567435,230.6193411674051
-823936.0,226,919.5005779481104,222.91369678289348
-823938.0,230,919.5028125213548,226.7665189751493
-821512.0,228,916.792275175964,224.8401078790214
-827434.0,230,923.4088465524702,226.7665189751493
-833324.0,231,929.989664757067,227.72972452321326
-835702.0,231,932.6465723445934,227.72972452321326
-830936.0,229,927.3215843033188,225.80331342708533
-836310.0,234,933.3258826108745,230.6193411674051
-843076.0,233,940.8854438964944,229.65613561934117
-844234.0,233,942.1792618049702,229.65613561934117
-845696.0,233,943.8127348465865,229.65613561934117
-851994.0,234,950.8494059930297,230.6193411674051
-851860.0,235,950.6996895856586,231.58254671546908
-847858.0,233,946.2283085237237,229.65613561934117
-854328.0,233,953.4571529691806,229.65613561934117
-859966.0,237,959.7564149449898,233.50895781159699
-859244.0,236,958.9497340037811,232.54575226353305
-856598.0,237,955.9933936015125,233.50895781159699
-862912.0,234,963.0479413339103,230.6193411674051
-869534.0,235,970.4466133459373,231.58254671546908
-866080.0,232,966.5875053529531,228.6929300712772
-862806.0,234,962.9295089519601,230.6193411674051
-861536.0,236,961.5105549418008,232.54575226353305
-860026.0,238,959.8234521423202,234.47216335966095
-865612.0,233,966.0646152137763,229.65613561934117
-873098.0,238,974.4286228673606,234.47216335966095
-877496.0,237,979.3424494316757,233.50895781159699
-875378.0,241,976.9760363659141,237.36178000385283
-883120.0,235,985.6260693947746,231.58254671546908
-888862.0,240,992.0415291792897,236.39857445578886
-881620.0,239,983.9501394615156,235.43536890772492
-889198.0,242,992.4169374843397,238.32498555191677
-889744.0,242,993.0269759800459,238.32498555191677
-892522.0,242,996.1307982164415,238.32498555191677
-892192.0,241,995.7620936311245,237.36178000385283
-898042.0,241,1002.2982203708343,237.36178000385283
-897724.0,239,1001.9429232249835,235.43536890772492
-902486.0,242,1007.2634421197694,238.32498555191677
-897032.0,242,1001.1697608824398,238.32498555191677
-906230.0,245,1011.4465632331837,241.21460219610864
-903236.0,244,1008.1014070863988,240.2513966480447
-901202.0,244,1005.8288460968997,240.2513966480447
-900024.0,245,1004.5126824559804,241.21460219610864
-898998.0,244,1003.3663463816314,240.2513966480447
-898556.0,243,1002.8725056946311,239.28819109998074
-897878.0,246,1002.1149853647979,242.1778077441726
-907048.0,243,1012.3605036901208,239.28819109998074
-914810.0,244,1021.0328824514247,240.2513966480447
-916640.0,245,1023.0775169700005,241.21460219610864
-917902.0,245,1024.4875326871825,241.21460219610864
-924416.0,248,1031.7655377440149,244.10421884030052
-924294.0,246,1031.6292287761098,242.1778077441726
-925860.0,246,1033.378899626432,242.1778077441726
-926738.0,245,1034.3598772806997,241.21460219610864
-933080.0,248,1041.4457090385185,244.10421884030052
-929158.0,243,1037.0637109063575,239.28819109998074
-928200.0,251,1035.993350322316,246.99383548449237
-931782.0,247,1039.9954710029383,243.14101329223655
-941324.0,248,1050.6566199517094,244.10421884030052
-933778.0,248,1042.225575100795,244.10421884030052
-930784.0,246,1038.88041895401,242.1778077441726
-929218.0,247,1037.1307481036877,243.14101329223655
-933816.0,250,1042.2680319924375,246.03062993642843
-940854.0,252,1050.1314952392884,247.95704103255633
-940168.0,247,1049.365036616478,243.14101329223655
-942382.0,247,1051.838709197968,243.14101329223655
-943784.0,246,1053.4051450422542,242.1778077441726
-944966.0,248,1054.725777829662,244.10421884030052
-944144.0,251,1053.8073682262361,246.99383548449237
-943174.0,248,1052.723600202729,244.10421884030052
-946608.0,250,1056.5603624632695,246.03062993642843
-948662.0,250,1058.8552691852121,246.03062993642843
-949584.0,250,1059.8854074508552,246.03062993642843
-951686.0,254,1062.233943930662,249.88345212868424
-953396.0,252,1064.1445040545773,247.95704103255633
-957450.0,251,1068.673984020865,246.99383548449237
-956824.0,251,1067.974562595385,246.99383548449237
-957958.0,258,1069.2415656249289,253.73627432094005
-961004.0,251,1072.6448206760665,246.99383548449237
-959806.0,250,1071.3063113027038,246.03062993642843
-964528.0,256,1076.5821387326027,251.80986322481215
-966310.0,251,1078.5731434933143,246.99383548449237
-964944.0,255,1077.0469299674266,250.84665767674818
-968446.0,258,1080.959667718275,253.73627432094005
-968248.0,250,1080.738444967085,246.03062993642843
-971486.0,256,1084.3562190496798,251.80986322481215
-968864.0,257,1081.4266935263431,252.77306877287612
-973566.0,252,1086.6801752237989,247.95704103255633
-973512.0,257,1086.6198417462017,252.77306877287612
-968586.0,262,1081.1160878453793,257.5890965131959
-967080.0,257,1079.4334541923872,252.77306877287612
-977658.0,258,1091.2521120817291,253.73627432094005
-970568.0,255,1083.3305499305254,250.84665767674818
-973434.0,254,1086.5326933896722,249.88345212868424
-976220.0,258,1089.645453919045,253.73627432094005
-974646.0,252,1087.8868447757454,247.95704103255633
-973716.0,261,1086.847768217125,256.62589096513193
-976798.0,260,1090.2912455866608,255.66268541706796
-977856.0,257,1091.4733348329194,252.77306877287612
-976914.0,260,1090.420850834833,255.66268541706796
-978496.0,262,1092.18839827111,257.5890965131959
-978662.0,261,1092.3738678503905,256.62589096513193
-979552.0,255,1093.3682529441242,250.84665767674818
-979766.0,261,1093.6073522812692,256.62589096513193
-980748.0,257,1094.7045277442426,252.77306877287612
-982402.0,260,1096.5525198173161,255.66268541706796
-983000.0,261,1097.2206572173754,256.62589096513193
-983286.0,263,1097.5402011913168,258.55230206125987
-987044.0,262,1101.7389643174415,257.5890965131959
-987914.0,260,1102.7110036787315,255.66268541706796
-988052.0,260,1102.8651892325915,255.66268541706796
-987822.0,262,1102.6082133094917,257.5890965131959
-987932.0,264,1102.7311148379306,259.5155076093238
-988958.0,260,1103.8774509122798,255.66268541706796
-990216.0,263,1105.282997482973,258.55230206125987
-989694.0,262,1104.699773866199,257.5890965131959
-997100.0,262,1112.9743985900093,257.5890965131959
-996550.0,262,1112.3598909478144,257.5890965131959
-995728.0,262,1111.4414813443884,257.5890965131959
-998150.0,262,1114.1475495432906,257.5890965131959
-1000748.0,267,1117.050260187695,262.4051242535157
-1001782.0,265,1118.2055345550214,260.47871315738774
-1000260.0,260,1116.5050243160747,255.66268541706796
-1004170.0,264,1120.8736150087698,259.5155076093238
-1006100.0,263,1123.0299781895628,258.55230206125987
-1007602.0,263,1124.708142696066,258.55230206125987
-1006404.0,263,1123.3696333227033,258.55230206125987
-1009458.0,267,1126.7818266668185,262.4051242535157
-1010056.0,260,1127.4499640668776,255.66268541706796
-1011142.0,270,1128.663337338557,265.2947408977075
-1009560.0,267,1126.89578990228,262.4051242535157
-1014974.0,265,1132.9447796747227,260.47871315738774
-1016500.0,265,1134.649759060158,260.47871315738774
-1015874.0,271,1133.950337634678,266.2579464457715
-1016928.0,266,1135.1279577344478,261.4419187054517
-1018490.0,267,1136.8731594382816,262.4051242535157
-1014684.0,267,1132.6207665542925,262.4051242535157
-1012742.0,271,1130.4509959340332,266.2579464457715
-1018528.0,269,1136.915616329924,264.33153534964356
-1018790.0,270,1137.2083454249332,265.2947408977075
-1023600.0,270,1142.5824940775835,265.2947408977075
-1026218.0,273,1145.5075504544313,268.18435754189943
-1026648.0,267,1145.9879837019657,262.4051242535157
-1026998.0,272,1146.379034019726,267.22115199383546
-1026976.0,272,1146.3544537140383,267.22115199383546
-1029786.0,273,1149.4940291223434,268.18435754189943
-1029484.0,271,1149.1566085624472,266.2579464457715
-1032310.0,274,1152.314060556707,269.14756308996334
-1034308.0,274,1154.546399227808,269.14756308996334
-1035862.0,274,1156.2826626386643,269.14756308996334
-1034364.0,273,1154.6089672786495,268.18435754189943
-1038678.0,273,1159.4289417667023,268.18435754189943
-1041820.0,273,1162.9394563335686,268.18435754189943
-1041862.0,272,1162.9863823716998,267.22115199383546
-1042160.0,274,1163.3193337851073,269.14756308996334
-1044038.0,275,1165.4175980615476,270.1107686380273
-1044072.0,273,1165.4555858067013,268.18435754189943
-1044986.0,279,1166.4767857793672,273.9635908302832
-1042692.0,275,1163.913730268103,270.1107686380273
-1042362.0,279,1163.5450256827862,273.9635908302832
-1042308.0,279,1163.4846922051888,273.9635908302832
-1044450.0,273,1165.8779201498826,268.18435754189943
-1048092.0,272,1169.9470780278352,267.22115199383546
-1043358.0,280,1164.65784315847,274.9267963783471
-1043856.0,279,1165.2142518963121,273.9635908302832
-1046306.0,276,1167.951604120635,271.0739741860913
-1045896.0,277,1167.493516605544,272.03717973415525
-1046786.0,281,1168.4879016992777,275.89000192641106
-1046912.0,276,1168.6286798136716,271.0739741860913
-1046534.0,275,1168.2063454704903,270.1107686380273
-1046708.0,269,1168.4007533427484,264.33153534964356
-1047430.0,275,1169.2074342839571,270.1107686380273
-1045244.0,275,1166.7650457278876,270.1107686380273
-1043878.0,273,1165.238832202,268.18435754189943
-1043068.0,276,1164.33383003804,271.0739741860913
-1046522.0,276,1168.1929380310244,271.0739741860913
-1048344.0,278,1170.2286342566229,273.0003852822192
-1048070.0,274,1169.9224977221475,269.14756308996334
-1049680.0,280,1171.7213291838455,274.9267963783471
-1050906.0,275,1173.091122582629,270.1107686380273
-1052236.0,281,1174.5771137901186,275.89000192641106
-1052866.0,277,1175.2810043620873,272.03717973415525
-1052940.0,278,1175.3636835721281,273.0003852822192
-1050946.0,282,1173.135814047516,276.853207474475
-1054452.0,279,1177.0530209448532,273.9635908302832
-1053606.0,283,1176.1077964624951,277.816413022539
-1053600.0,279,1176.101092742762,273.9635908302832
-1054758.0,281,1177.394910651238,275.89000192641106
-1054592.0,285,1177.2094410719574,279.7428241186669
-1054498.0,279,1177.104416129473,273.9635908302832
-1054536.0,279,1177.1468730211157,273.9635908302832
-1054690.0,285,1177.31893516093,279.7428241186669
-1057048.0,284,1179.9534970160132,278.77961857060296
-1054878.0,287,1177.5289850458987,281.6692352147948
-1057012.0,282,1179.913274697615,276.853207474475
-1054426.0,276,1177.0239714926765,271.0739741860913
-1052536.0,285,1174.9122997767704,279.7428241186669
-1051602.0,278,1173.8687540716612,273.0003852822192
-1050772.0,283,1172.941406175258,277.816413022539
-1056194.0,278,1178.9993342406779,273.0003852822192
-1056212.0,280,1179.0194453998768,274.9267963783471
-1056186.0,283,1178.9903959477003,277.816413022539
-1056876.0,282,1179.7613237169994,276.853207474475
-1055074.0,285,1177.7479732238444,279.7428241186669
-1053964.0,280,1176.507785073233,274.9267963783471
-1060366.0,286,1183.660654028382,280.70602966673084
-1061056.0,285,1184.431581797681,279.7428241186669
-1061198.0,280,1184.5902364980295,274.9267963783471
-1062928.0,285,1186.5231423543883,279.7428241186669
-1058734.0,279,1181.8372422609962,273.9635908302832
-1057252.0,284,1180.1814234869364,278.77961857060296
-1063234.0,285,1186.865032060773,279.7428241186669
-1062884.0,283,1186.4739817430127,277.816413022539
-1063050.0,280,1186.6594513222933,274.9267963783471
-1064116.0,284,1187.8504788615292,278.77961857060296
-1066122.0,293,1190.0917558256076,287.44846850317856
-1063660.0,284,1187.3409961618186,278.77961857060296
-1066838.0,291,1190.891733047083,285.5220574070506
-1066824.0,284,1190.8760910343728,278.77961857060296
-1070854.0,286,1195.3787561217284,280.70602966673084
-1067420.0,286,1191.5419938611876,280.70602966673084
-1071062.0,290,1195.6111517391403,284.55885185898666
-1073116.0,287,1197.9060584610827,281.6692352147948
-1075314.0,284,1200.3618544566182,278.77961857060296
-1072352.0,297,1197.0524514817428,291.3012906954344
-1073446.0,287,1198.2747630463998,281.6692352147948
-1071088.0,294,1195.6402011913167,288.4116740512425
-1072454.0,292,1197.1664147172046,286.4852629551146
-1073308.0,286,1198.12057749254,280.70602966673084
-1074798.0,290,1199.7853345595772,284.55885185898666
-1075624.0,290,1200.7082133094916,284.55885185898666
-1076214.0,292,1201.3674124165736,286.4852629551146
-1076388.0,289,1201.5618202888315,283.59564631092275
-1075426.0,293,1200.4869905583016,287.44846850317856
-1077364.0,289,1202.652292032072,283.59564631092275
-1079478.0,297,1205.014235951345,291.3012906954344
-1079692.0,295,1205.25333528849,289.37487959930644
-1077970.0,300,1203.3293677251088,294.1909073396262
-1080648.0,290,1206.321461299287,284.55885185898666
-1081646.0,290,1207.4365133482152,284.55885185898666
-1079700.0,294,1205.2622735814673,288.4116740512425
-1077218.0,292,1202.4891681852348,286.4852629551146
-1079240.0,292,1204.7483217352678,286.4852629551146
-1081430.0,294,1207.1951794378258,288.4116740512425
-1080768.0,291,1206.4555356939477,285.5220574070506
-1081646.0,297,1207.4365133482152,291.3012906954344
-1080548.0,293,1206.2097326370697,287.44846850317856
-1079046.0,305,1204.5315681305665,299.006935079946
-1079700.0,296,1205.2622735814673,290.3380851473704
-1081098.0,300,1206.8242402792646,294.1909073396262
-1082448.0,291,1208.3325772191977,285.5220574070506
-1082222.0,304,1208.0800704425867,298.0437295318821
-1081096.0,294,1206.8220057060203,288.4116740512425
-1083174.0,298,1209.143727306895,292.26449624349834
-1083900.0,298,1209.9548773945924,292.26449624349834
-1084098.0,291,1210.1761001457826,285.5220574070506
-1083228.0,296,1209.2040607844922,290.3380851473704
-1082970.0,294,1208.9158008359718,288.4116740512425
-1082492.0,294,1208.3817378305732,288.4116740512425
-1083242.0,300,1209.2197027972027,294.1909073396262
-1084112.0,309,1210.1917421584928,302.8597572722019
-1083158.0,304,1209.1258507209402,298.0437295318821
-1082476.0,303,1208.3638612446186,297.0805239838181
-1084186.0,302,1210.2744213685337,296.11731843575416
-1083420.0,311,1209.4185798159494,304.78616836832975
-1083330.0,314,1209.318024019954,307.67578501252166
-1083636.0,302,1209.6599137263388,296.11731843575416
-1083250.0,306,1209.22864109018,299.97014062801
-1082444.0,305,1208.328108072709,299.006935079946
-1080298.0,309,1205.9304109815266,302.8597572722019
-1080580.0,312,1206.245485808979,305.7493739163937
-1081602.0,303,1207.3873527368396,297.0805239838181
-1082392.0,303,1208.270009168356,297.0805239838181
-1082098.0,310,1207.941526901437,303.82296282026584
-1080404.0,302,1206.0488433634769,296.11731843575416
-1079846.0,308,1205.4253974283044,301.8965517241379
-1079544.0,303,1205.0879768684083,297.0805239838181
-1077762.0,306,1203.0969721076967,299.97014062801
-1077644.0,310,1202.9651322862803,303.82296282026584
-1080410.0,308,1206.0555470832098,301.8965517241379
-1077380.0,311,1202.6701686180268,304.78616836832975
-1078250.0,305,1203.642207979317,299.006935079946
-1077768.0,306,1203.10367582743,299.97014062801
-1078258.0,313,1203.6511462722945,306.7125794644577
-1076936.0,306,1202.1740933577823,299.97014062801
-1077958.0,309,1203.3159602856426,302.8597572722019
-1077084.0,311,1202.3394517778638,304.78616836832975
-1075646.0,302,1200.7327936151794,296.11731843575416
-1075712.0,318,1200.806534532243,311.5286072047775
-1072822.0,316,1197.577576194164,309.60219610864954
-1071100.0,312,1195.6536086307829,305.7493739163937
-1072298.0,323,1196.9921180041456,316.34463494509725
-1070884.0,317,1195.4122747203935,310.5654016567135
-1069754.0,319,1194.1497408373384,312.49181275284144
-1068960.0,311,1193.2626152593334,304.78616836832975
-1068210.0,314,1192.424650292704,307.67578501252166
-1067908.0,313,1192.0872297328078,306.7125794644577
-1067398.0,316,1191.5174135554998,309.60219610864954
-1066932.0,315,1190.9967579895674,308.6389905605856
-1066530.0,313,1190.547608767454,306.7125794644577
-1066180.0,311,1190.1565584496934,304.78616836832975
-1065670.0,321,1189.5867422723854,314.4182238489693
-1065208.0,310,1189.0705558529417,303.82296282026584
-1064702.0,311,1188.5052088221223,304.78616836832975
-1064764.0,313,1188.5744805926972,306.7125794644577
-1064574.0,313,1188.3621961344843,306.7125794644577
-1064400.0,314,1188.1677882622262,307.67578501252166
-1064174.0,314,1187.9152814856152,307.67578501252166
-1063940.0,312,1187.653836416027,305.7493739163937
-1063954.0,315,1187.6694784287374,308.6389905605856
-1063820.0,312,1187.5197620213662,305.7493739163937
-1063486.0,313,1187.1465882895604,306.7125794644577
-1063524.0,314,1187.189045181203,307.67578501252166
-1062926.0,308,1186.5209077811437,301.8965517241379
-1062808.0,318,1186.3890679597275,311.5286072047775
-1061698.0,312,1185.148879809116,305.7493739163937
-1061680.0,321,1185.1287686499168,314.4182238489693
-1061542.0,316,1184.974583096057,309.60219610864954
-1061488.0,318,1184.9142496184597,311.5286072047775
-1061330.0,312,1184.7377183321564,305.7493739163937
-1061232.0,312,1184.6282242431835,305.7493739163937
-1061046.0,316,1184.4204089314594,309.60219610864954
-1060976.0,313,1184.3421988679072,306.7125794644577
-1061102.0,318,1184.482976982301,311.5286072047775
-1061068.0,315,1184.4449892371472,308.6389905605856
-1061002.0,322,1184.3712483200836,315.3814293970333
